a-0971-a-01-2025,2000_2017_nov_qty.png
a-0971-a-01-2088,2001_2017_nov_qty.png
a-0971-a-01-2103,2002_2017_nov_qty.png
a-0971-a-01-2118,2003_2017_nov_qty.png
a-0971-a-01-2119,2004_2017_nov_qty.png
a-0971-a-01-2124,2005_2017_nov_qty.png
a-0972-a-01-1000,2006_2017_nov_qty.png
a-0972-a-01-1001,2007_2017_nov_qty.png
a-0972-a-01-1002,2008_2017_nov_qty.png
a-0972-a-01-1003,2009_2017_nov_qty.png
a-0972-a-01-2000,2010_2017_nov_qty.png
a-0972-a-01-2002,2011_2017_nov_qty.png
a-0972-a-01-2003,2012_2017_nov_qty.png
a-0972-a-01-2004,2013_2017_nov_qty.png
a-0972-a-01-2005,2014_2017_nov_qty.png
a-0972-a-01-2006,2015_2017_nov_qty.png
a-0972-a-01-2007,2016_2017_nov_qty.png
a-0972-a-01-2008,2017_2017_nov_qty.png
a-0972-a-01-2009,2018_2017_nov_qty.png
a-0972-a-01-2010,2019_2017_nov_qty.png
a-0972-a-01-2011,2020_2017_nov_qty.png
a-0972-a-01-2012,2021_2017_nov_qty.png
a-0972-a-01-2013,2022_2017_nov_qty.png
a-0972-a-01-2014,2023_2017_nov_qty.png
a-0972-a-01-2015,2024_2017_nov_qty.png
a-0972-a-01-2016,2025_2017_nov_qty.png
a-0972-a-01-2017,2026_2017_nov_qty.png
a-0972-a-01-2018,2027_2017_nov_qty.png
a-0972-a-01-2019,2028_2017_nov_qty.png
a-0972-a-01-2020,2029_2017_nov_qty.png
a-0972-a-01-2021,2030_2017_nov_qty.png
a-0972-a-01-2022,2031_2017_nov_qty.png
a-0972-a-01-2023,2032_2017_nov_qty.png
a-0972-a-01-2032,2033_2017_nov_qty.png
a-0972-a-01-2033,2034_2017_nov_qty.png
a-0972-a-01-2034,2035_2017_nov_qty.png
a-0972-a-01-2039,2036_2017_nov_qty.png
a-0972-a-01-2042,2037_2017_nov_qty.png
a-0972-a-01-2044,2038_2017_nov_qty.png
a-0972-a-01-2046,2039_2017_nov_qty.png
a-0972-a-01-2047,2040_2017_nov_qty.png
a-0972-a-01-2048,2041_2017_nov_qty.png
a-0972-a-01-2050,2042_2017_nov_qty.png
a-0972-a-01-2051,2043_2017_nov_qty.png
a-0972-a-01-2052,2044_2017_nov_qty.png
a-0972-a-01-2053,2045_2017_nov_qty.png
a-0972-a-01-2054,2046_2017_nov_qty.png
a-0972-a-01-2055,2047_2017_nov_qty.png
a-0972-a-01-2056,2048_2017_nov_qty.png
a-0972-a-01-2057,2049_2017_nov_qty.png
a-0972-a-01-2058,2050_2017_nov_qty.png
a-0972-a-01-2059,2051_2017_nov_qty.png
a-0972-a-01-2060,2052_2017_nov_qty.png
a-0972-a-01-2061,2053_2017_nov_qty.png
a-0972-a-01-2062,2054_2017_nov_qty.png
a-0972-a-01-2063,2055_2017_nov_qty.png
a-0972-a-01-2064,2056_2017_nov_qty.png
a-0972-a-01-2065,2057_2017_nov_qty.png
a-0972-a-01-2066,2058_2017_nov_qty.png
a-0972-a-01-2067,2059_2017_nov_qty.png
a-0972-a-01-2068,2060_2017_nov_qty.png
a-0972-a-01-2070,2061_2017_nov_qty.png
a-0972-a-01-2071,2062_2017_nov_qty.png
a-0972-a-01-2072,2063_2017_nov_qty.png
a-0972-a-01-2073,2064_2017_nov_qty.png
a-0972-a-01-2074,2065_2017_nov_qty.png
a-0972-a-01-2076,2066_2017_nov_qty.png
a-0972-a-01-2077,2067_2017_nov_qty.png
a-0972-a-01-2084,2068_2017_nov_qty.png
a-0972-a-01-2086,2069_2017_nov_qty.png
a-0972-a-01-2090,2070_2017_nov_qty.png
a-0972-a-01-2091,2071_2017_nov_qty.png
a-0972-a-01-2092,2072_2017_nov_qty.png
a-0972-a-01-2093,2073_2017_nov_qty.png
a-0972-a-01-2094,2074_2017_nov_qty.png
a-0972-a-01-2095,2075_2017_nov_qty.png
a-0972-a-01-2096,2076_2017_nov_qty.png
a-0972-a-01-2097,2077_2017_nov_qty.png
a-0972-a-01-2098,2078_2017_nov_qty.png
a-0972-a-01-2099,2079_2017_nov_qty.png
a-0972-a-01-2100,2080_2017_nov_qty.png
a-0972-a-01-2106,2081_2017_nov_qty.png
a-0972-a-01-2108,2082_2017_nov_qty.png
a-0972-a-01-2109,2083_2017_nov_qty.png
a-0972-a-01-2110,2084_2017_nov_qty.png
a-0972-a-01-2113,2085_2017_nov_qty.png
a-0972-a-01-2114,2086_2017_nov_qty.png
a-0972-a-01-2121,2087_2017_nov_qty.png
a-0972-a-01-2123,2088_2017_nov_qty.png
a-0972-a-01-2125,2089_2017_nov_qty.png
a-0972-a-01-2126,2090_2017_nov_qty.png
a-0973-a-01-2001,2091_2017_nov_qty.png
a-0973-a-01-2024,2092_2017_nov_qty.png
a-0973-a-01-2026,2093_2017_nov_qty.png
a-0973-a-01-2027,2094_2017_nov_qty.png
a-0973-a-01-2028,2095_2017_nov_qty.png
a-0973-a-01-2029,2096_2017_nov_qty.png
a-0973-a-01-2030,2097_2017_nov_qty.png
a-0973-a-01-2031,2098_2017_nov_qty.png
a-0973-a-01-2035,2099_2017_nov_qty.png
a-0973-a-01-2036,2100_2017_nov_qty.png
a-0973-a-01-2037,2101_2017_nov_qty.png
a-0973-a-01-2038,2102_2017_nov_qty.png
a-0973-a-01-2040,2103_2017_nov_qty.png
a-0973-a-01-2041,2104_2017_nov_qty.png
a-0973-a-01-2043,2105_2017_nov_qty.png
a-0973-a-01-2045,2106_2017_nov_qty.png
a-0973-a-01-2049,2107_2017_nov_qty.png
a-0973-a-01-2069,2108_2017_nov_qty.png
a-0973-a-01-2075,2109_2017_nov_qty.png
a-0973-a-01-2078,2110_2017_nov_qty.png
a-0973-a-01-2079,2111_2017_nov_qty.png
a-0973-a-01-2080,2112_2017_nov_qty.png
a-0973-a-01-2081,2126_2017_nov_qty.png
a-0973-a-01-2082,8502_2017_nov_qty.png
a-0973-a-01-2083,8503_2017_nov_qty.png
a-0973-a-01-2085,8504_2017_nov_qty.png
a-0973-a-01-2087,8505_2017_nov_qty.png
a-0973-a-01-2089,
a-0973-a-01-2101,
a-0973-a-01-2102,
a-0973-a-01-2104,
a-0973-a-01-2105,
a-0973-a-01-2107,
a-0973-a-01-2111,
a-0973-a-01-2112,
a-0973-a-01-2115,
a-0973-a-01-2116,
a-0973-a-01-2117,
a-0973-a-01-2120,
a-0973-a-01-2122,
a-0982-a-01-8502,
a-0982-a-01-8503,
a-0982-a-01-8504,
a-0982-a-01-8505,
a-0982-a-01-8506,
a-0982-a-01-8507,
a-0982-a-01-8508,
a-0982-a-01-8509,
a-0982-a-01-8510,